id_persediaan,produk_id,jumlah_stok,lokasi_gudang,tanggal_update
1,3,271,Gudang A,2023-12-15
2,3,456,Gudang B,2023-10-15
3,1,280,Gudang B,2024-04-13
4,3,286,Gudang B,2023-11-12
5,5,192,Gudang C,2024-01-11
6,3,220,Gudang B,2024-04-02
7,1,78,Gudang C,2024-01-20
8,5,85,Gudang A,2023-11-19
9,2,62,Gudang C,2023-10-30
10,3,209,Gudang B,2024-04-10
11,1,376,Gudang A,2023-11-07
12,2,236,Gudang A,2023-09-04
13,2,292,Gudang A,2024-01-19
14,4,135,Gudang C,2023-11-27
15,5,333,Gudang B,2023-09-21
16,3,115,Gudang A,2024-04-13
17,1,219,Gudang A,2023-07-22
18,4,94,Gudang A,2024-02-23
19,5,111,Gudang C,2024-03-21
20,4,490,Gudang C,2023-09-21
